Name,Email,Phone,Role,User_ID,Password
Miss Maria Meza MD,christopherobrien@hotmail.com,688662959,Admin,1,HS6+7RXrp6
Eileen Pierce,zgardner@alvarado-patton.com,1814255960,Admin,2,T&gb5UeTcm
Kenneth Calderon,mckenziejerry@davis-garcia.com,9595904348,Customer,3,*6sD0y&is7
Margaret Nelson,kristen38@hansen-smith.org,563094164,Customer,4,kR(82)Lfq$
Lisa Willis,kennethmccoy@campbell.info,2190028180,Customer,5,de3SVPcom+
Jonathan Thompson,bradydawn@hotmail.com,6700852873,Admin,6,+kaMJIkZ!8
Sara Potts,dingram@yahoo.com,8808326557,Customer,7,B^eW3Audv7
Deborah Goodman,robertsonvictoria@johnson.net,9899587925,Customer,8,(+UYpnsjc8
Jacob Allen,kimberly41@hernandez.com,4061385896,Admin,9,GtLsi7iC!3
Emily Schneider,autumn78@wilson.com,4689276355,Admin,10,hdhb@!bcns
Tyler Carpenter,carlos88@bolton-mitchell.net,5493203393,Customer,11,E#1cTk(g@(
Emily Fuller,robinsontami@garcia.org,3367565381,Admin,12,kZgu5kSzA_
Wendy Fleming,jordanchristian@richard.info,7689891045,Customer,13,^^s6Vw2fyB
Dustin White,stephen12@gmail.com,1980681844,Customer,14,1v71)Ga!(H
Robin Walters,newmanmichelle@gmail.com,972581222,Admin,15,GE_Q47Se5j
Kelly Phillips,glassdeborah@miles.com,5385835666,Admin,16,^I80h5yp1@
Nina Harvey,michael11@leonard.com,5300198728,Admin,17,*knD3hDy69
Rachel Jones,sara17@mitchell-jones.info,9535047255,Admin,18,6J%2JfLUE8
Justin Jones,grace32@pope.com,225164893,Admin,19,%6f*N&jE!@
Kathleen Sanchez,zolson@gilbert-simmons.org,1396316939,Admin,20,$6ToP5URvv
Eric Scott,murphykyle@jackson.com,682988766,Customer,21,T_9JJMt3A@
Mark Davis,virginiahart@hotmail.com,7021697020,Admin,22,w68WskCT(I
Donald Owens,scott78@yahoo.com,6269325005,Admin,23,9k$2kNDx(d
Jon Walker,vnelson@christian-bradley.info,3464701865,Customer,24,6FEnRg@j$3
Miguel Bryant,hannah43@hotmail.com,8913044280,Customer,25,kp$1OsFaRf
John Bright,mcphersonspencer@wright.com,6218623011,Admin,26,#yBI+Anq7f
Leslie Miller,ssnyder@gmail.com,2800544941,Admin,27,oof8^AwJK#
Anthony Bennett,bsanchez@shaw.org,8719486174,Admin,28,^09VO@zO)a
Jennifer Reese,cruznathan@patel.com,4901234413,Customer,29,H79I2Jv7(Y
Amanda Sanders,yvonne79@hotmail.com,263928733,Customer,30,#uZOdGU7@8
Eric Ritter,kevin81@thompson-washington.net,814188896,Admin,31,_*5E1mc81S
James Francis,prattscott@lawson.biz,9754874625,Admin,32,%dV#8lcYs4
Nicholas Hill,powelljohn@ryan-francis.biz,5676470044,Customer,33,+^7)W25qhC
Lucas Osborne,jeremyfrye@chapman.biz,4966427651,Customer,34,0xyEruy6*L
Matthew Nguyen,linda31@yahoo.com,6703523971,Admin,35,^2eIdcpX^P
Alexander Le,strongwesley@gray-dean.info,3223325437,Customer,36,^Y)m1PsriL
Kelly Rollins,yibarra@gmail.com,7696728535,Admin,37,j1Kfa3bq#s
Ray Butler,matthewbishop@hill.com,9857124286,Customer,38,*b9OkWd(J9
Christopher Knight,roberta03@payne-wolf.com,1070851662,Customer,39,$33LSqzzGu
Pamela Gardner,owennathan@yahoo.com,4382167867,Customer,40,&2ew1w6gTA
George Marks,robert38@gmail.com,4157462967,Customer,41,LU*3MYzk@4
Paul Ramirez,holly35@campbell.com,2346480080,Admin,42,R&3Y*iZG5s
Rebecca Parks,jamesjeremy@ramirez.com,9986617178,Admin,43,ApaUdQfy*7
Jose Smith,xwalters@long.biz,1103368396,Customer,44,%2#eViLoCo
Emily Tapia,hvaughn@james-reilly.org,1512511286,Customer,45,W($a9Q1v*Z
Angelica Dean,davidbernard@yahoo.com,7231625223,Customer,46,kT4z*eKyf(
Kevin Taylor,natalie74@barnes.com,6606267011,Customer,47,l*0zARbeKl
Laura Gray,alvaradogavin@miller-harris.com,3585601878,Admin,48,Jp4RNzxm%)
Erica Wilcox,jessicanolan@bowers.net,8537898746,Admin,49,22^f8mTnvF
Brandon Mcdonald,bmurphy@hotmail.com,8954638176,Admin,50,*^H2D3soxb
Anthony Wheeler,kbates@gmail.com,7389171247,Admin,51,@0AW$zPFNs
Robert Allen,natalieperez@melendez.biz,9976691176,Customer,52,@7@EH6oBlx
Michael Lloyd,dgilbert@carter-duran.org,4091191436,Customer,53,3Kf#dFIc%a
Thomas Valdez,erin30@lynch.biz,309500566,Admin,54,!sMQokhJd4
Wendy Adkins,wwilliams@hotmail.com,9737217498,Admin,55,*cK*yOkiw0
Kathy Ward,coxveronica@gmail.com,3088928953,Admin,56,2IHoEm3H+a
Steven Knox,randallparrish@austin.info,4944052290,Admin,57,&3R@Wf)e51
Jessica Cook,jesus81@tyler-garcia.com,566354385,Customer,58,*0g(Ywdhpd
Mark Newman,christianscott@hotmail.com,9754856177,Admin,59,%3R(Jxnu&4
Natasha Sellers,laura58@yahoo.com,2983161112,Admin,60,Hx#K9GjxuB
James Trujillo,pamela27@lee-king.com,9208577971,Admin,61,J2SlDjxm*(
Jennifer Fernandez,matthewbennett@hotmail.com,9476913509,Admin,62,8C+@Hbrb(A
Daniel Ellis,kylefuller@yahoo.com,8495145761,Customer,63,!nQMUzD0$4
Ashley Hess,derek81@gmail.com,4830104709,Admin,64,oo6PKIjA&+
Zachary Richardson,davisrebecca@gmail.com,9012940805,Customer,65,_d5VpdnU!8
Martha Butler,bryan48@hotmail.com,1564051810,Admin,66,(4^0rlQkJ@
Rebecca Flynn,wgraham@hotmail.com,2084354166,Admin,67,#jQ6YvfO9c
Emily Ortiz,jennifer19@yahoo.com,744342561,Admin,68,@9LPtM5Yp2
Kevin Gonzalez,adamburns@gmail.com,8854065723,Admin,69,+@wI8CsZ_R
Amy Williams,griffinmathew@bryant.com,2025588764,Customer,70,@J8BiqW3%c
Kevin Mendoza,sreyes@rojas-robles.com,7972753083,Customer,71,#p56@PlzG)
Angela Webb,westmichael@johnson.org,4957233578,Customer,72,!PNDtYmL7W
Gail Chaney,michaelcastillo@duncan.info,4471962913,Admin,73,QHN)W!wX)9
Mrs. Vanessa Benitez,rhodesjason@williams.net,855274285,Admin,74,ET#M15JtaJ
Antonio Peterson,ekoch@gmail.com,7592297461,Admin,75,1@v9IQxICl
Gregory Ryan,johnny34@gmail.com,8347872463,Admin,76,(3Ob3Id)G!
Erin Haney,kkelley@gmail.com,5964300177,Customer,77,QQ8UtiAJP
Joyce Gibbs,maryspencer@lewis.org,7970031109,Admin,78,4hS3djtR&U
William Morris,mary96@mitchell.com,1466672328,Customer,79,GK!8XnixgT
Veronica Harvey,iperez@gmail.com,643275864,Customer,80,v1O2mS@G@9
Beverly Thomas,bfox@yahoo.com,7614602644,Customer,81,Ez2OOPkD@X
Jill Washington,crystal81@sanchez-haynes.com,945187783,Admin,82,2K!5ElfG@J
Jonathan Rodriguez PhD,reedryan@hotmail.com,6505176606,Admin,83,xz!6Sldlaw
Peggy Casey,johnsonchristopher@mayo.info,1727227252,Customer,84,0qMvZJ!Y)%
Robert Miller,hillsusan@yahoo.com,9383006222,Admin,85,!0PIcjs789
William Deleon,rogerperry@yahoo.com,4509487928,Admin,86,j2)O3p$0!2
Jennifer Rubio,calvin55@gmail.com,2151740805,Admin,87,*y3aGkNdP#
Roy Nolan,lisa92@hotmail.com,6938209632,Admin,88,q40DX(qj&e
Brian Rogers,meyersmelissa@lee.org,2442287795,Admin,89,M6&7F!wx#$
Sharon Ortiz,christopher10@mcdaniel-dickson.com,1479976004,Customer,90,(8N_%UVVhB
Laura Johnson,jamesvasquez@hotmail.com,3328221000,Admin,91,Nt2BAego(X
Andrea Morris,micheledavis@hoover-taylor.com,9115966345,Customer,92,X3BPiQz!_^
Tony Smith MD,alexander25@dawson.biz,8205462571,Admin,93,^J8IBr4b&g
Brittany Francis,tyler73@williams-walker.com,6883243957,Customer,94,&iL2&8Hpp0
Philip Estrada,austin22@martin.net,6343702101,Admin,95,e2xI1okr)$
Joseph Carter,mark26@hardin-rodriguez.com,6145718461,Customer,96,C+5(Xpallg
Tracy Steele,kirkcharles@gmail.com,1234646498,Admin,97,xz8VBIo9!9
Raymond Mejia,garrett08@osborne.com,5628442409,Admin,98,ay$8yxZm#u
Jamie Williams,ericpearson@pittman.com,4866669083,Admin,99,*rWDUk(z$3
Dustin Travis,eric40@gmail.com,526700612,Customer,100,lVoIS9cq#9
David Clark,jcontreras@yahoo.com,7965520372,Customer,101,)6$YwUBrKq
Suzanne Benitez,caldwellapril@hotmail.com,2047478476,Admin,102,)C2FZ!zO^1
Sonya Cordova,jharvey@gmail.com,8896741009,Admin,103,V_0VvAQePC
Matthew Johnson,ostevenson@yahoo.com,3927605646,Customer,104,3tFd0pGi)@
Christopher Martinez,jimenezsandra@rodriguez.com,4070973166,Customer,105,VT25P$Lr!8
Jennifer Simmons,eblankenship@yahoo.com,3636906057,Admin,106,4FEqGQwc%1
Margaret Acosta,anne13@zhang.com,8099551798,Customer,107,fP_A0PypFT
Stacy Garcia,jochoa@edwards-cook.net,7485547319,Admin,108,*52#Jod(@b
Amanda Barrera,jordan85@gmail.com,8676143854,Customer,109,veI8%ZCpl%
Shannon Barnett,kleinkimberly@hotmail.com,5554135291,Customer,110,YV9Pefxms@
Makayla Robinson,bbarnett@gomez-wilson.com,6447065785,Customer,111,K!in5Qaq^q
Dr. Kristine Lewis,alyssabrown@pena-walters.info,4014608948,Admin,112,_^6p!Rd&5w
Carly Wall,sjohnson@sellers.info,8820297004,Admin,113,*Z!Rmsy9&9
Alexandra Brooks,nmoss@yahoo.com,5060073979,Customer,114,%Wz1Nu$s3K
Joseph Harvey,zrodriguez@chen-herrera.com,310630018,Admin,115,7zC@8gjq@4
Kevin Lee,jamie43@hotmail.com,7642316527,Customer,116,vnkX0&Gt%o
Joseph Burch,deanrichard@ball-chavez.com,1442339301,Customer,117,@4gZhDw(JR
Oscar Stanley,wward@hernandez-franklin.com,326234930,Admin,118,s64RwWtQ_E
Timothy Robles,nicole71@yahoo.com,7568401809,Admin,119,@9XUebArUe
Gary Murphy II,rebecca42@hotmail.com,2544280531,Customer,120,R3q+MR4u^*
Michelle Adams,maurice96@blankenship.com,842905841,Admin,121,#q1MwWGinZ
Michael Greer,jturner@fisher-valentine.com,9200731877,Admin,122,)1THXAkuvR
Nicholas Marshall,ckennedy@andrade.com,4585467892,Customer,123,R#T5@xXUzy
Jody Carter,evansmith@jones.org,5810528478,Admin,124,%#5Gj!lGX!
Tanya Smith,cduran@aguilar.com,2891223577,Customer,125,DGFw0h2oL)
Joseph Scott,williebrown@hotmail.com,8274320579,Customer,126,AwGVZ43E*7
Tamara Diaz,zacharybeasley@gmail.com,5927157598,Admin,127,wsz92eYku(
Lawrence Hart,markwillis@yahoo.com,3283908725,Admin,128,W&6*Rwbz@U
Shannon Cantu,andersonsamuel@yahoo.com,9534508431,Customer,129,Hg)6Ywq+!8
Zoe Lopez,ruiztimothy@hotmail.com,6058440173,Admin,130,$VW4Wzixq!
Calvin Pennington,bcarroll@gmail.com,5205494314,Customer,131,*csBnqi0(3
Anthony Miller,nrichards@sanders.com,5582206177,Customer,132,wnU4rHGw#1
Margaret Mclaughlin,dcastro@yahoo.com,1376631418,Customer,133,w39%9GiDHo
Troy Black,sbentley@medina.info,546909934,Customer,134,84EGE@in(H
Sharon Vasquez,stephaniesherman@hotmail.com,9061494280,Customer,135,^26W$wdaFd
Kimberly Reed,pricecasey@yahoo.com,9823855009,Customer,136,%+W(Snyl(4
Daniel Turner,sergio94@morales.com,3266116933,Customer,137,s(4PdVcj(*
Barbara Schmidt,randygonzales@romero-duran.com,8823656212,Customer,138,@0SWrXtnNn
James Keith,barnesaaron@aguirre.biz,8300694466,Admin,139,yAf(7QQoaZ
David Harrison,john96@williams-montgomery.com,981648697,Customer,140,HnH3Yh&o_#
James King,nvaldez@yahoo.com,5958326398,Admin,141,5_7E6tMec%
Richard Nicholson,hebertheidi@gmail.com,5801303358,Admin,142,w45(Hf_k$a
Vanessa Jones,gjones@spencer.net,7139888440,Admin,143,^@Y5H_qH5(
Carol Cohen,nrobertson@perez.biz,9137450300,Admin,144,WHNV#Ss()9
Kristy Mitchell,markgarcia@hotmail.com,381879982,Admin,145,&fPODh%ko1
Susan Sanders,amberwood@jackson.com,8185318385,Customer,146,29PTNtrQ+o
Ann Harrell,bakercourtney@hotmail.com,7057969321,Admin,147,hr)50VHQ$+
Nicholas Graham MD,boydsean@matthews.com,8491852370,Admin,148,&#7T)ClU#k
Harold Nguyen,sosazachary@yahoo.com,643478144,Customer,149,sQM6tB%j#5
Matthew Carpenter,tbarton@yu.net,8213769031,Admin,150,4jy0KI*G@c
Jessica Dean,marktucker@gmail.com,5590222864,Admin,151,%5OydIt_9d
Michael Rivera,kevin94@robinson-hall.org,9687721933,Admin,152,)LR3EVYnPr
Brian Robinson,jameshardy@yahoo.com,6156090514,Customer,153,B*9pqRoh+#
Ralph King,tammymartin@phillips.com,1288683909,Admin,154,&TTB!lMhb4
Donna Harrison,megan89@hotmail.com,7777560859,Customer,155,N3MAtQ6S!j
Christopher Greene,fowlermegan@gmail.com,8741014177,Admin,156,z^7Zozd2@4
Leah Sanchez,djackson@morgan-cook.com,2814317536,Admin,157,ir4byBAi%!
Barbara Johnson,stacy12@barnes-luna.biz,5427960221,Admin,158,TU$5%LoO!S
Jacob Gill,michaelthomas@gmail.com,2489132117,Customer,159,ng%_K5HoOD
Kelly Ryan,hsmith@hotmail.com,6269404597,Customer,160,%4V(1)DzK^
Andrew Cervantes,butlerjeffrey@yahoo.com,8321865076,Customer,161,I9Z&BG*h$H
Raymond Ferguson,qgonzalez@hotmail.com,9994183099,Customer,162,bA3IOj6Gl+
Christopher Cole MD,gjohnson@rivera.org,7235138782,Customer,163,h5NqctYU#9
Daniel Cohen,kellyjenkins@gmail.com,9637881243,Admin,164,)CKT^Vl_%5
Benjamin Perry,upineda@phillips.com,9216817782,Admin,165,&2^DllM$Vd
Kurt Horn,millerdawn@copeland.biz,9428359761,Customer,166,6Wfs8KVs_^
Margaret Hamilton,amandawilson@hines-rogers.com,9653442642,Admin,167,926KWexu)z
Megan Russell,stoutbrett@jones-hopkins.biz,4303978894,Customer,168,(rOk1E$J@7
Patty Wells,alvarezcassandra@hotmail.com,8392257368,Admin,169,J59qEa^7!^
Lori Payne,samuel74@gilbert-murphy.org,6177844692,Customer,170,*^%D0XNgj+
Tracy Thomas,isaacwood@dominguez.info,8591256064,Customer,171,2&0K+MgvG6
Michael Hudson,kimberlykelly@yahoo.com,7529971845,Admin,172,)45!U)jz%5
Heather Beard,fieldsdawn@gmail.com,7310527563,Admin,173,1*gk$mMe(9
Eric Miller,markedwards@gregory.com,7423461889,Admin,174,+4Rho8TNxG
William Rodriguez,svasquez@davis.com,3582191631,Customer,175,#x5ZwIzIy3
Sharon Sosa,richardmorton@sloan-owen.com,294345185,Admin,176,h%V+v57d^7
Michael Hughes,nking@schwartz.biz,5127791340,Admin,177,Fg%3LYYyXq
Eric Bailey,pmendoza@yahoo.com,8914654743,Admin,178,Hv7M+FMh6$
Dawn Harris,leedavid@hotmail.com,8744919486,Admin,179,@p6WWfb+s0
Christian Washington,michellehester@smith.com,4644649351,Customer,180,G$0X_e^q#f
Audrey Lee,brandymontgomery@bradley.com,1944513502,Admin,181,(AOY5Kso%9
Rodney Nguyen,ucombs@gmail.com,3298964498,Admin,182,Y!@7A8zPM(
Larry Harvey,knguyen@hotmail.com,399655027,Customer,183,$8FFhxpu%l
Heather Allen,felicia33@hotmail.com,5999666443,Admin,184,896Rnb_7@)
Katherine Burke,lortiz@hotmail.com,2306167034,Customer,185,+22NxIBcKK
Latoya Becker PhD,vincenthoward@robinson.org,5321871614,Customer,186,M7^SZYRu^S
James Anderson,warnerrodney@hotmail.com,5520348040,Admin,187,!Z4Jm%J%U^
Daniel Potts,cynthia46@clark.com,4376473189,Admin,188,#PNiJsXdg0
Sarah Schultz,cynthia72@woods-fisher.com,971999810,Customer,189,!HA1fjCyt1
Barbara Conway,andrew76@williams.com,8862256379,Admin,190,06QVxLw%#G
Michael Mckinney,thomas14@hotmail.com,662706679,Customer,191,^9bZaspk!4
John Long,norrismia@gmail.com,4527685931,Admin,192,(tXM4Zfd98
Jason Payne,cindywebster@gilmore.com,1062217841,Customer,193,(38NLygSMG
Lindsey Lee,wpacheco@bell.com,3626823860,Customer,194,6cx5QkVb&R
Daniel Chung,andrewpeters@kaiser.com,5358997723,Customer,195,&#v7JWPntv
Jennifer Higgins,sandersjonathan@gmail.com,3861381349,Admin,196,uGXU)Gsk$0
Tanya Weaver,christina14@brooks-matthews.biz,8653272174,Admin,197,*nLHFw4dz3
Lindsey Campbell,reginastephenson@rogers.com,7364100409,Customer,198,2vOp*urq#&
Julie Reed,johnsongeorge@johnson-mullins.org,174046243,Customer,199,SPS8XgzL@a
Jeffrey Mckenzie,garzakimberly@brown-rojas.com,9466531427,Customer,200,l_0CoZ7eyH
Regina Moyer,bethedwards@yahoo.com,5837702084,Admin,201,61FwzHuN^A
Tyler Conrad,anthonylopez@gmail.com,2475169758,Customer,202,*1X*AAfY^p
Sydney Soto,eric07@klein.com,9902841709,Admin,203,aS&Lw*De^3
Sarah Chang,gwalker@fitzpatrick.com,5884649353,Admin,204,q!G1DSaYJv
Christopher Walker,walkerkaren@booth.org,6400242282,Admin,205,+5qDEMvDqA
Leah Peters,vlittle@roberts-kidd.net,5704590219,Admin,206,^NIbuIQp&4
Dawn Rich,barajasbreanna@yahoo.com,7965316841,Admin,207,iW)@4Ieb@e
Daniel Carlson,emily14@hotmail.com,4139986602,Customer,208,5r312ZEjR+
Amanda Harris,melvinwarren@harris.org,4629395190,Customer,209,1yD6ORM&m#
Michelle Green,pattersoneric@fisher.info,6767128975,Admin,210,v_7QmHn&O#
Emily Lawson,petersonmelissa@hotmail.com,4799918722,Customer,211,$DJfgRZ4(3
Megan Watson,shelly76@hotmail.com,709180304,Admin,212,(6y0P1cgRY
Sarah Williams,mariochase@bradley.info,3474839419,Admin,213,evRZJ&ly%9
Brian Avery,sarapope@wilkinson.com,46625039,Admin,214,@dE2zDDe_p
Angela Collins MD,zhangrobert@hotmail.com,709013741,Customer,215,(_6QEBmWPv
Phyllis Allen,jdelgado@howell-liu.com,9543075793,Admin,216,#sDqLAXA18
Julie Miller,dbradley@hotmail.com,9537234671,Customer,217,%5GNWmnZT3
Lauren Cunningham,morganjames@yahoo.com,2171049539,Customer,218,#69tP5)j%E
Robert Dominguez,daviserica@yahoo.com,990758173,Customer,219,&3TXe05wIf
Jennifer Dominguez,rick18@hotmail.com,7011202117,Customer,220,#6mTVt@h7F
Steven Paul,idavis@higgins-duran.com,4938029291,Admin,221,$81V7MdO&g
Sarah Fleming,larry89@yahoo.com,4294646458,Admin,222,i*RINynh5
Molly Hunt,michael90@bates.com,2364265400,Customer,223,Ib2St3En)Q
Jennifer Grant,adrianaolson@hotmail.com,1430777936,Customer,224,f*Q$5Sa$sb
James Martinez,levigreen@hotmail.com,4533909589,Customer,225,is7fOnIn$!
Nicholas Reyes,thompsonalexa@gray.com,5219120932,Admin,226,z$1T7YHIjm
Melissa Moreno,carolmorris@jackson.info,1557774921,Customer,227,zKWGByGl%2
David Lynch,kmcgrath@hotmail.com,8136390298,Customer,228,w0XHiI4h^9
Michael Beard MD,allisonleach@moody.com,8962586897,Customer,229,(5fslG(Xz1
Dennis Price,morganturner@hotmail.com,5696007790,Admin,230,_4DIcRl^_G
Christy Garcia,xfritz@hotmail.com,6111089557,Admin,231,)s*9ObIwK7
Glenda Preston,mitchell67@yahoo.com,5333284372,Admin,232,i64Yb3tfP
Alec Herrera,josethompson@hotmail.com,9760233851,Admin,233,_9C0zQ_8eZ
Kristen Wheeler,lauracurtis@gmail.com,5753489670,Customer,234,m*bzx6n5eK
Daniel Hayes,jessica71@hotmail.com,8683413353,Customer,235,CG@0yMsAiq
Leonard Hunt,ccannon@yahoo.com,913561306,Customer,236,$o#*&Bk&w3
John Beard,craigtheresa@yahoo.com,6362386666,Customer,237,%wF2xQxP%6
Teresa Sanders,pereznancy@yahoo.com,9859411492,Customer,238,_bBbv36c46
Amy Strickland,kyleramirez@gmail.com,6151430404,Admin,239,db6RdMJKg*
Savannah Martinez,yangrichard@yahoo.com,8734855088,Customer,240,6VSJjTe)!g
Theresa Brown,brandonnorton@hotmail.com,1753188080,Customer,241,e1M#jyV6$5
Gina Curtis,vherman@yahoo.com,5230532540,Customer,242,)59yFwjmb7
Tiffany Shaffer,melissa98@yahoo.com,3750095556,Admin,243,^w+AiW!vR4
Jennifer Chung,kcox@gmail.com,4606448311,Customer,244,7e9pT6ou%0
Anne Navarro,hacevedo@harris-wilson.com,880979211,Customer,245,!V&7CvP!o%
Deborah Scott,kaitlyn85@stafford.com,3391494201,Admin,246,(8#AIsoR8T
Christopher Cruz,christophergamble@hotmail.com,678676701,Admin,247,@@8R_6PlXs
Michele Chan,imurphy@kelly-richard.org,7194005798,Admin,248,#vHOP+XD!6
Brian Simmons,hhansen@hotmail.com,7331164815,Admin,249,HXE4buTh*5
Shannon Fleming,lunajeffrey@gmail.com,7013050283,Customer,250,4^^4VstXA%
Russell Hill,jstuart@hotmail.com,895815076,Admin,251,%KcJEuWEz6
Renee Mccullough,william07@gmail.com,1334933210,Customer,252,wD*3x9SdxS
Yvonne Yates,wrodgers@bass.com,3549159773,Admin,253,(13jFJEr_S
Mr. Steven Haley,michaelwinters@carpenter.com,5664852188,Customer,254,X$+4Xx%y%J
Douglas Cardenas,tmcguire@wagner.info,4466900143,Admin,255,oJ9*50Nh!m
Mary Turner,ryan36@hunter.org,6751296850,Admin,256,lF7Y2Saa5+
Gabriel Cruz,heatherpatel@gmail.com,934112092,Admin,257,U25Q_Vr(%Q
Mr. Brian Black,yfrancis@yahoo.com,2774871356,Admin,258,6Ek7QBva(6
Thomas Johnson,adamsdonald@simmons-white.com,7482470358,Admin,259,MI#6ozZfyS
Beth Flores,rking@obrien.com,113220501,Customer,260,_B$1ZtZfF9
James Griffith,coxjoanna@wright-todd.com,5366355426,Customer,261,07bzXrTk+7
Theresa Jacobson PhD,tjohnson@yu.com,149703419,Admin,262,!l77Gwwlxc
Jamie Edwards,donald00@cole.com,2160667718,Admin,263,*7YmUZKzo!
Amber Murray,vedwards@hotmail.com,5513162359,Customer,264,+%3Z8gBb&S
Charles Perez,cindy62@johnson-morales.com,1723862168,Customer,265,8p1UsW5oL#
Michael White,rachelduke@yahoo.com,4217635140,Customer,266,Q*9W&nWBMq
Julie Malone,xcampbell@white.com,2953876067,Admin,267,Jca3_GB3$^
Andrew Griffin,ncook@norman-ross.info,9820860072,Admin,268,^*ivP9Ppgb
Tammy Carney,abriggs@brown.com,8409399408,Admin,269,7kEhpSaR!B
Cynthia Adams,nicholashooper@hotmail.com,4571789393,Customer,270,2@Q7WXcLW(
Corey Carrillo,breannaspencer@reed-simon.com,8452048185,Admin,271,UZz0+SBsY$
Rachel Peterson,xfrancis@booth.info,6216633749,Admin,272,TxQUopr@&6
Ryan Nielsen,brett05@smith.com,6598937425,Admin,273,%(8Xk1Dnwv
Austin Taylor,pmanning@smith-cochran.com,482660075,Customer,274,^2qAhc$f&o
Mr. Gerald Hodge,grayjames@wright-richardson.com,1868267401,Admin,275,1b53)@ng*F
Donald Chan MD,eallen@suarez-rodriguez.net,9180937841,Admin,276,nzJ6P(OUY%
Linda Torres,marvincooper@king.com,9925484958,Admin,277,*&!UKWuri6
Amy Gibson,thompsoncesar@robinson.com,1436312241,Admin,278,X6IG5Ex+D_
Jennifer Garrett,jennifer07@gmail.com,1535796766,Customer,279,%XZeUDf!7+
Emily Hurley,tracymcdonald@yahoo.com,8985221800,Admin,280,kw4GdGSP*0
Melissa Blevins,hornealyssa@atkins.com,8460918755,Admin,281,#qc2CyBf5@
Mary Cruz,frank96@fox-garcia.com,8544058697,Customer,282,H5djCIEu*D
Dana Austin,erica67@yahoo.com,1916710151,Admin,283,EL27TV6gs@
Kimberly Bradley,karamack@hotmail.com,1116849218,Customer,284,QF8hS5iPg#
David Webster,piercesarah@ball.biz,5284506654,Customer,285,T1_2LXw&&S
Patricia Silva,kaylawright@mccoy.com,5623564683,Customer,286,!1tf1A3lec
Duane Robinson,wfields@hotmail.com,686240197,Customer,287,y4+^TY7x(3
Jason Foster,ecrosby@hurst.info,4983683498,Admin,288,+r2eZ0uQ5(
Kathleen Woodard,gwatson@gould.biz,4641860824,Admin,289,^L1Cpg(oCH
Pamela Macias,rherrera@hotmail.com,2191968139,Customer,290,oAX0M(jo^(
Peggy Cochran,howellmichele@yahoo.com,6363896512,Customer,291,$(7REGaK^u
Ryan Poole,gabriellaavila@gmail.com,5602113576,Admin,292,k&VU7(InxV
Shannon Pittman,michael40@lee.com,719768157,Customer,293,Te^aC6Ble5
Christopher Molina,lsantos@chen.info,1912218300,Customer,294,Or0R3T)EJ#
Cynthia Stone,ellisjames@gmail.com,6865575032,Customer,295,#c94WVaQn$
Francisco Stephens,carrie28@velez-thompson.com,3304310462,Customer,296,9X@WYTiY*$
Charles Blackwell,rwashington@gmail.com,9564109497,Admin,297,K8FV+8n*@0
Erik Huff,davidcook@gmail.com,3315089349,Admin,298,F5^0TMjA@c
Brandon Williams,scottcourtney@yahoo.com,4760996136,Admin,299,o!5EHcs0&7
Catherine Madden,joseph63@gmail.com,4680034993,Customer,300,7Rh*uWr3&p
Steve Figueroa,wmcgee@patel-perry.com,7724888159,Customer,301,03uxXJgp$S
Christie Davis,jessicacastro@arellano-williams.biz,1210873998,Customer,302,B7)u%s*a@Z
Heather James,aaronshort@gmail.com,2199971308,Customer,303,@J8L3wNfeq
Lisa Russo,loriburns@yahoo.com,1344984101,Admin,304,#SRPlB#c8m
Ana Thompson MD,mercercatherine@knapp.org,7085130251,Customer,305,rFFF2M(rt+
Cynthia Clark,brandon98@silva-jenkins.com,7881486555,Admin,306,@YGBvBhbX5
Jessica Rice,sharonlopez@shelton.info,5552585039,Customer,307,kP#8RUoC*0
Ashley Coleman,benjaminharris@murray-coleman.com,6755761933,Admin,308,#553zYeW9W
Patrick Williams,mmanning@edwards-carter.info,3480412442,Customer,309,p!7$A4daaD
Robert Patel,marygarcia@taylor.biz,9052582663,Admin,310,NF14Wszz*)
Troy Smith,leahwilcox@west.com,8802365513,Admin,311,0#Hen6HU5w
David Dixon,jaclyn23@gmail.com,1098853112,Customer,312,m)!q8IYdyr
Kelly Becker,bobby49@weiss-jackson.com,6172421246,Customer,313,(rJsPh*R6Y
Tricia Skinner,laurastewart@thomas.com,9429638974,Admin,314,GJ$q1cTvc2
Kristin Brown,parkskyle@hotmail.com,4127252905,Customer,315,@8ZExBReq%
Cassandra Scott,ijohnson@gmail.com,7666309295,Admin,316,_!sHkCC83q
James Terry,silvaeric@gmail.com,6064406065,Customer,317,S%&1vQkt&$
William Nguyen,randy71@hotmail.com,9431648286,Admin,318,2rAEfsMc$^
Susan Webb,vgood@yahoo.com,6267535300,Admin,319,4i3KVwpy)i
Tina Nguyen,qwood@martin-howard.net,7973497029,Customer,320,sxACx0AQl!
Matthew Harris,karen18@gmail.com,5059738218,Admin,321,)3oz49CyUL
Ryan Cochran,swells@yahoo.com,4684466170,Customer,322,&7&TaJom@b
Kenneth Harris,adamskeith@gmail.com,1885805156,Admin,323,)!5NKmzw!j
Wendy Jones,samuel46@mcguire-sullivan.org,1416061484,Customer,324,!4S8K9Kpkm
Nicole Hernandez,angela25@yahoo.com,5815038815,Customer,325,9^1gMdrb%M
Jesse Cantrell,katie24@yahoo.com,9997821828,Admin,326,&8NQb*gAN0
Jesse Robertson,emilybrady@yahoo.com,9002288830,Customer,327,*7exTEZp3e
Fernando Russell,charles71@smith.com,6497305983,Admin,328,7y%Z6VKs9h
Wesley Murray,shannon48@robinson.net,3986426334,Customer,329,Z*3Th(TdTu
Carlos Oliver,jenniferreese@burns-davis.com,7038844498,Customer,330,etZtdLv@+2
Allison Benton,cparsons@gmail.com,909548282,Customer,331,$oR)z9rc7)
Matthew Lee,brittany96@yates.info,9266614649,Customer,332,09MN*Dlt)s
Yolanda Quinn,lewisdonna@gmail.com,2519639108,Customer,333,$83)LH%thT
Anthony Martinez,brandihuerta@harris-duffy.biz,7626677338,Customer,334,^36Edm5_oI
Richard Collins,housealyssa@hotmail.com,4729734177,Admin,335,!%wo05Bq@O
Nancy Burton,warrendonald@thompson-grant.biz,6785130168,Admin,336,E1To5Bi*&#
Emily Schmidt,lewischristine@king-allen.com,8868525406,Admin,337,!DV5sUKaTI
Mr. Shane Gonzales,heatherwoods@white-moore.com,2976726078,Customer,338,S53bCz9q+D
Sherri Reynolds,tthompson@powers.com,4770672786,Customer,339,3r_Ed6Pb5#
Eugene Cruz,rodneysmith@wilson-cherry.net,5758624514,Admin,340,!aJT5%q23r
Beth Ramirez,williambenson@alvarez.net,3757058456,Admin,341,X(L8MbzB@V
Nicolas Morales,pattersonstephen@gmail.com,6266131255,Admin,342,)kvY6Ecw4P
Carlos Lee,marvin04@yahoo.com,9181630879,Admin,343,t9KdKcwb*v
Kathleen Moreno,joshuathomas@dominguez.com,9621234303,Admin,344,1kOob5Ck$y
Ryan Evans,megansmith@martin.biz,216700518,Customer,345,@HB95EqBib
James Tucker,brettreyes@medina.com,2523441870,Admin,346,tb#3Y+Cu8U
Brittney Page,kreyes@calhoun.com,9932777703,Customer,347,HtE2zc5d#2
David Brooks,julie31@aguilar.org,4249580960,Admin,348,_6P)y)Parh
Christopher Cain,lindseyfarrell@hotmail.com,565359898,Customer,349,8&8BEybu^(
Yvonne Smith,miguel17@gmail.com,3768508578,Customer,350,2DQ1LbwG0)
Jose Burke,ubutler@yahoo.com,8105990031,Customer,351,!^0mKfY!xU
Diana Thomas,williamgonzales@pham.com,8805635274,Customer,352,!cfL06Wr$N
Matthew Hunt,enunez@french-lopez.com,1300862005,Customer,353,B_%0Y8UjrW
John Esparza,basslisa@sanchez.com,7315878055,Customer,354,8u#LBIc8#9
Justin Chavez,robertwelch@yahoo.com,7673936914,Customer,355,^V6Bdj1zyf
Emily Thomas,abigailortiz@weeks-vaughan.org,1395295691,Customer,356,#M9x$BelzX
Antonio Caldwell,jacob15@cox-larsen.com,3377104177,Admin,357,hq568ZQt4@
Eric Marshall,hsmith@ruiz.com,1119311849,Customer,358,*1%UkZ2h8_
Rebecca Ball,kathleenwilliams@rosales-perry.net,7066744490,Customer,359,^p#Yd^C$Q8
Jessica Lynn,judith36@morales.com,7685115707,Customer,360,^SZw!UtAs3
Amber Haynes,award@rodriguez-baker.biz,7240716626,Customer,361,^590I$bzN3
Darren Clayton,wilsonjason@yahoo.com,261864639,Admin,362,lh_8ZcG145
Carl West,justinturner@avila-chen.com,6430892654,Admin,363,91J8loid*7
Cody Evans,stephenjones@willis.com,7361447109,Customer,364,&J5Yl49_Xo
Joshua Tate,ysullivan@brown.biz,3195797293,Admin,365,Bt^D5UTeOM
Mark Copeland,william12@cook.net,9920443811,Customer,366,6^83Y2s6%_
Mary Jones,keith19@hotmail.com,1974110802,Admin,367,w@P3EGf*aA
Sarah Lewis,myoung@yahoo.com,4998594636,Admin,368,Y1ON&8+b&y
David Peters,snelson@snyder.info,2497334165,Admin,369,EP0ZGlvR4
Robert Jones,anthonybradley@gmail.com,4292050528,Admin,370,2)NWMxHp!Y
Jo Johnson,nblack@johnson.com,2883639026,Admin,371,$8uqLj+aDs
Jonathan Davis,elizabethblake@watson-miller.info,9165948785,Customer,372,%bmYOpfb3h
Jorge Wright,connerjerry@chang.com,8410501220,Admin,373,j1%MdNF9*z
Michael Powers,tammymurphy@gmail.com,5223051307,Admin,374,!_h0#XkdJ!
Ryan Carter,bonnie72@yahoo.com,5908572337,Customer,375,AM0(u1Lnw)
Robert Reed,kathryn91@torres-rogers.com,1990252656,Customer,376,Rg6Ag6GvT_
Kathy Anderson,leoncurry@hotmail.com,6599142397,Customer,377,i%zJC4J72t
Michelle Green,wmaldonado@miles.info,7741064246,Customer,378,L#(3ERjkXj
Michael Reeves,reneehayden@chapman.com,2088403337,Admin,379,@y1LBFyIp1
Jeffrey Bell,qlarson@wade-pollard.info,6318678428,Admin,380,0)0RoCTf^Y
Michael Fields,ulee@johnson.org,8966859816,Customer,381,&I0DHn(xUc
Paul Reed,elizabethhuynh@campbell-johnson.biz,8174652830,Admin,382,+!p6&$F0Oi
Jennifer Lee,kaitlin62@morris-jones.com,3501304280,Customer,383,c3J4#qPK_2
Joshua Torres,karensnow@griffin.com,6597844744,Admin,384,f*f7UMkIH@
Steven Hughes,johnsonvanessa@clark.net,6331690322,Admin,385,A#3KQ3dwVa
Sandy Mcmillan,ojohnson@wright.org,5215449095,Customer,386,D4uQUOdh)$
David Soto PhD,alexis37@martinez-burke.biz,2320279558,Customer,387,%6SKInzSZE
Jessica Norris,williamskayla@anderson.org,6073024624,Admin,388,1&14QAZkZr
William Douglas,katherine89@lewis.info,3969564183,Admin,389,(U2gbNUzw_
Keith Miller,lance16@horton.info,5641669035,Admin,390,#1CZ(vfH#5
Dustin Branch,cranewendy@stevens-little.com,6667361256,Admin,391,*XuzZxKi!9
Alexander Ferguson,adamsanthony@hotmail.com,2926019248,Admin,392,F2V+v7yW
Daniel Moses,cindyrobinson@gmail.com,45401399,Admin,393,*liNUfSB3d
Joshua Howard,emoon@murray.com,7443607456,Customer,394,&v!YIJ3Kj6
Joyce Pacheco,mjacobs@arnold.info,6397111349,Admin,395,LzFCSZTw_7
Samuel Watkins,wallacemichael@gmail.com,3355819043,Customer,396,e2V)7RGq(I
Priscilla Williams,eddie97@hotmail.com,6938826875,Customer,397,@2GlZ3UkFU
Carl Williams,jonesjames@hotmail.com,8219082986,Customer,398,$F1URm6GkX
Lisa Reid,smithkaren@ruiz-heath.com,9704831821,Customer,399,uq+a@OaR^9
Lauren Williams,jose98@villanueva.com,2170455189,Customer,400,RLa%7+RnJy
Monica Beck,jason94@bullock.com,3448576739,Admin,401,q+8Vha4y*n
Kevin Maddox,mallory90@hotmail.com,504101506,Admin,402,U)5Pufn2II
Richard Peterson,aaron99@jensen.com,9381540120,Admin,403,V!5#I$UcBi
Alex White,clinton58@shelton.com,5520640781,Customer,404,2*+4NvIfK^
Kendra Sanchez,armstrongtina@graham.com,8686598315,Customer,405,N@5FoIlU2y
Ryan Smith,tiffanyhebert@norton.com,4107474312,Admin,406,*U7%7MsC0Z
Susan Price,bruce72@hotmail.com,4171746231,Admin,407,IcJ6q@Tt&7
David Cox,pjensen@foster-chen.com,9341176385,Customer,408,VOGnirM9!6
Jorge Kemp,bethany20@suarez.com,455382551,Customer,409,%i5**9Kamw
Justin Smith,averyandrew@murphy-sullivan.com,6409065154,Customer,410,$Jo6MpQ9&H
Elizabeth Torres,sierramoore@yahoo.com,9829845647,Customer,411,#eFXRFUeH6
James Beck,laura55@everett-cochran.com,4324768150,Customer,412,^5UDU!0YlG
Gary Miller,sandrajohnson@garcia-ball.org,723594418,Customer,413,3B3BWnUe^N
Nancy Richmond,dhernandez@snyder.com,1588064685,Customer,414,F8R$jKxY!1
Christopher Ball,kaylajohnson@gmail.com,742028138,Admin,415,#qBsnOYo&2
Jamie Mayo,james94@yahoo.com,2291434450,Admin,416,l!JPdvmm_4
Sheila Cooper,wmeadows@jones-yang.com,1542363133,Customer,417,U!9BcUwr*h
Samuel Lewis,michelehines@hotmail.com,8031513260,Admin,418,Cy9+x+Fme(
Loretta Hernandez,williamholder@gmail.com,3622005869,Admin,419,*N45BIBjkT
Jason Doyle,heather81@parker.org,9586551364,Customer,420,$y!6Q9J9q9
Cheyenne Elliott,xmullins@yahoo.com,9149206447,Customer,421,yjt7#4MbUs
Jeffrey Mata,brandonsmith@jones.net,4698913221,Admin,422,_2*nKoz&oT
Kelly Collins,annjohnson@hotmail.com,7675543580,Admin,423,4i$Iib0q)3
Mitchell Newman,sandovalmark@yahoo.com,2320313522,Customer,424,S660Zuco$a
Elizabeth Smith,jenna23@garcia.org,5511605668,Admin,425,K5jYYCww^@
Joseph Lee,hillrachael@yahoo.com,2841474634,Customer,426,r!Mg44*m$5
Taylor Hill,katelyn82@hotmail.com,2591564460,Customer,427,)c1HeiQOxK
Philip Bruce,jcain@gonzalez.com,551976323,Admin,428,$pUM1UqZ6D
Karen Watson,jacksonjacqueline@lee.com,7853503006,Customer,429,p20HQ_Rx%X
Colin Martin,vcarpenter@hotmail.com,6836004794,Customer,430,IJE#1Oy!_u
Justin Sharp,zamoracheryl@gmail.com,7674992864,Customer,431,#v)08nPbt8
Fernando Torres,tuckeradam@yahoo.com,3426118288,Admin,432,^91ARbkqSb
Christine Harris,chad25@yahoo.com,3223476253,Customer,433,GY6Iab0r_z
Greg Hicks,ijohnston@gmail.com,9943209295,Admin,434,uB2vKGcqt&
Daniel Thomas,bparker@brewer.org,4426417382,Customer,435,u+Lq8FyM73
Brittany Walker,hernandezcarol@carlson.com,974937506,Admin,436,H(^XF6rjJT
Dawn Gonzalez,martinmichelle@gmail.com,5216148641,Admin,437,kFYs@0Awjt
Beth Smith,wooddavid@hotmail.com,5517212580,Customer,438,z#9nDcGd7x
Jill Johnston,fosborn@swanson.org,9667014972,Admin,439,$SLEh5*t00
Cindy Evans,ljacobson@yahoo.com,338753546,Admin,440,V%@1lLXksv
David White,james02@martinez-ray.com,1298133202,Customer,441,X^X@+3Eetc
Kathleen Esparza,william25@gmail.com,465191075,Admin,442,v@E*2gJyPr
Michelle Black,jordan54@stark.info,1518125366,Admin,443,yC^#38IwuV
Phillip Taylor,chernandez@moore-miller.info,7739581512,Admin,444,$h1XK2glK9
Kristen Poole,xperry@crawford.com,1338636210,Admin,445,PI8$AhyDk)
Kenneth Freeman,evanmitchell@henderson.com,6889986450,Customer,446,4+4Pkqs6Qa
Craig Murray,hunter37@yahoo.com,7181317082,Customer,447,R#rL5aRmc0
Brian Berry,griffinchristopher@hotmail.com,7656096825,Customer,448,$n$0Uxgr$n
James Cantrell,ostevens@gmail.com,2375164749,Customer,449,!8)oHGNtnm
Dr. Joshua Flores,gmckenzie@hotmail.com,2286657083,Customer,450,!4ibPxVsdW
Dr. John Gonzales,john69@thompson-chapman.com,9060780926,Admin,451,h#V0CHcLxc
Amber Woods,bryan11@hotmail.com,6010792587,Customer,452,na$K7XMkN^
Brandon Richards,ngriffin@thompson.com,8714945371,Customer,453,RPqv6LGf9+
Joshua Williams,meghan77@yahoo.com,4452633882,Admin,454,7WlDeteZ&T
Annette Garcia,robert63@yahoo.com,2148565453,Customer,455,&7EZca4n$g
Michelle Smith,vjackson@garcia.com,6100626914,Admin,456,%i42SVfWXe
Jeffrey Oliver,timothy36@hotmail.com,9041085663,Customer,457,!Ber(RXx2n
Kevin Jones,terrisantana@yahoo.com,1278431489,Customer,458,AYNNh$!1$4
John Johnson,kellercassandra@pennington-johnson.com,2197924719,Admin,459,n%Mv8hBcNQ
Jill Richardson,mjordan@hotmail.com,953520690,Admin,460,1vV15Pon&H
Sandra Lee,ebarker@yahoo.com,2512550813,Admin,461,!72ZMJj^8e
Brian Holden,nicole90@yahoo.com,3066532485,Customer,462,U2pdY@rF)G
Linda Cruz,robertparker@hotmail.com,2135341868,Admin,463,Y@1U6#Gung
Rhonda Williams,wwalters@yahoo.com,753157656,Customer,464,@2P4wdCx+$
Craig Elliott,fsmith@le-best.net,7086396587,Customer,465,Jt48QQeii(
Charles Peterson,michael35@hotmail.com,8324117126,Admin,466,Pzg2PbTT($
Steven Hall,osolis@brooks.com,3615243835,Admin,467,e7b7BbXb_@
Laura Wood,ellisonjulie@yahoo.com,2372770069,Customer,468,#iT(suVVE6
Larry Savage,brett28@hotmail.com,1423133478,Customer,469,%8IMMDwCNX
Tyler Parrish,cmiller@gmail.com,6024021696,Customer,470,xX*41@Mdn_
Maria Hawkins,xgreen@roberts-jones.com,2408191994,Admin,471,+p)3sHrD1W
James Nguyen,david65@gmail.com,184396427,Admin,472,xexR4Asv^d
Adam Patterson,keithhernandez@strickland.biz,33794469,Admin,473,wtA9XApa)t
Leslie Stevens,breannagiles@yahoo.com,1513839857,Admin,474,$z96mBgi%e
Melissa Burnett,amandacraig@hobbs-carr.org,5816466258,Customer,475,0&jMx4Epdf
Melissa Peterson,achavez@nixon.com,2109545571,Customer,476,N(#2TjWbeN
Kristen Glenn,snelson@smith-campbell.biz,1100893722,Admin,477,#OHlT&Br56
Corey Whitaker,kellyjohnson@whitaker.net,9178226804,Admin,478,^2InqY$8fG
John Reynolds,justin68@sims-lawrence.com,9503465342,Admin,479,3*AhP3co@+
Brandi Thompson,crawfordjoshua@mendoza.biz,6263756023,Customer,480,NY+9uDyP@f
Mark Khan,rwalker@collins.biz,6167018054,Admin,481,$n0FR^gRr1
Emily Combs,ywilson@gmail.com,8070072872,Admin,482,*8qzPVgOou
Matthew Thompson,sean61@gmail.com,7468960639,Customer,483,!a8Iyh*+D8
Shawn Adams,tammymurphy@parker.net,9571199275,Customer,484,^p9HM6Iuwz
Austin Newman,fordlaura@yahoo.com,8741020284,Customer,485,#7E5h$6K4a
Alexandria Guerrero,stanleyrichard@gmail.com,8374268858,Admin,486,*#VNgkYw2)
Christian Walters,williejohnson@miller-carter.com,1832180110,Admin,487,#nOs*Jqr!0
Bobby Cox,morganbrooke@allen.com,9513599199,Admin,488,%l8eCAEqN^
Shane Hobbs,johnwhite@hotmail.com,7570091790,Admin,489,%DAK$Ujs_5
Cathy Knight,jacksonheidi@mills.com,4553478441,Admin,490,*eH57IAc!!
Lindsay Ferguson,bentleyjared@keller-hodge.biz,9308517379,Customer,491,b0AXL!Zl&9
Ricky Howard,jessicacombs@johnson-lopez.com,2632435363,Admin,492,^4HXglvtEC
Christopher Austin,patriciabanks@gmail.com,8054767834,Customer,493,#QHQjyjsQ5
Jeffrey Hatfield,everettjeremiah@brown-mitchell.com,6094468175,Customer,494,V7468eSn!z
Hunter Humphrey Jr.,laurawatkins@gmail.com,8817934605,Customer,495,&AHENItZ0Z
Vicki Brown,waynedurham@gmail.com,9479466394,Admin,496,@xfl7KdfK_
Robert Osborne,stephen05@gmail.com,3359002119,Admin,497,2V_2YTa5m_
Christopher Chapman,jessica16@yahoo.com,1638763722,Customer,498,&7(SHcg5C)
Christina Holmes,larryhill@kelly.com,7129749468,Customer,499,38gG*nfJ%H
Amanda Johnson,fscott@yahoo.com,7721908464,Admin,500,)6B8Ib^l04
